{
    "balanced_accuracy": 0.7318044187535252,
    "macro_f1": 0.6869296749428123,
    "macro_auc": 0.9477979926668704,
    "per_class_f1": {
        "akiec": 0.6666666666666666,
        "bcc": 0.6862745098039216,
        "bkl": 0.5340314136125655,
        "df": 0.5882352941176471,
        "mel": 0.5422535211267606,
        "nv": 0.8878205128205128,
        "vasc": 0.9032258064516129
    }
}