{
    "experiment": "baseline_image_only",
    "checkpoint": "ham10000/checkpoints/baseline_image_only/best_model.pt",
    "split": "test",
    "epoch": 15,
    "balanced_accuracy": 0.7318044187535252,
    "macro_f1": 0.6869296749428123,
    "macro_auc": 0.9477979926668704,
    "per_class_f1": {
        "akiec": 0.6667,
        "bcc": 0.6863,
        "bkl": 0.534,
        "df": 0.5882,
        "mel": 0.5423,
        "nv": 0.8878,
        "vasc": 0.9032
    }
}