{
  "classes": [
    "mel",
    "nv",
    "bcc",
    "akiec",
    "bkl",
    "df",
    "vasc"
  ],
  "learned_weights": {
    "mel": 0.95,
    "nv": 0.45,
    "bcc": 2.9,
    "akiec": 1.0,
    "bkl": 2.4,
    "df": 0.55,
    "vasc": 0.45
  },
  "val_before": {
    "balanced_accuracy": 0.7496496686995023,
    "macro_f1": 0.6484354710670741,
    "per_class_f1": {
      "mel": 0.5357,
      "nv": 0.8545,
      "bcc": 0.6733,
      "akiec": 0.7021,
      "bkl": 0.607,
      "df": 0.4348,
      "vasc": 0.7317
    },
    "confusion_matrix": [
      [
        90,
        10,
        3,
        3,
        4,
        2,
        0
      ],
      [
        108,
        505,
        12,
        5,
        16,
        2,
        7
      ],
      [
        1,
        2,
        34,
        0,
        2,
        3,
        2
      ],
      [
        0,
        0,
        2,
        33,
        5,
        1,
        0
      ],
      [
        24,
        9,
        5,
        11,
        61,
        1,
        2
      ],
      [
        1,
        1,
        1,
        1,
        0,
        5,
        0
      ],
      [
        0,
        0,
        0,
        0,
        0,
        0,
        15
      ]
    ]
  },
  "val_after": {
    "balanced_accuracy": 0.7786547941215891,
    "macro_f1": 0.6729175831716417,
    "per_class_f1": {
      "mel": 0.5165,
      "nv": 0.7916,
      "bcc": 0.65,
      "akiec": 0.7045,
      "bkl": 0.6589,
      "df": 0.5556,
      "vasc": 0.8333
    },
    "confusion_matrix": [
      [
        94,
        4,
        4,
        3,
        7,
        0,
        0
      ],
      [
        147,
        433,
        19,
        4,
        45,
        2,
        5
      ],
      [
        1,
        0,
        39,
        0,
        2,
        1,
        1
      ],
      [
        0,
        0,
        3,
        31,
        6,
        1,
        0
      ],
      [
        10,
        2,
        9,
        7,
        85,
        0,
        0
      ],
      [
        0,
        0,
        2,
        2,
        0,
        5,
        0
      ],
      [
        0,
        0,
        0,
        0,
        0,
        0,
        15
      ]
    ]
  },
  "test_before": {
    "balanced_accuracy": 0.7496496686995023,
    "macro_f1": 0.6484354710670741,
    "per_class_f1": {
      "mel": 0.5357,
      "nv": 0.8545,
      "bcc": 0.6733,
      "akiec": 0.7021,
      "bkl": 0.607,
      "df": 0.4348,
      "vasc": 0.7317
    },
    "confusion_matrix": [
      [
        90,
        10,
        3,
        3,
        4,
        2,
        0
      ],
      [
        108,
        505,
        12,
        5,
        16,
        2,
        7
      ],
      [
        1,
        2,
        34,
        0,
        2,
        3,
        2
      ],
      [
        0,
        0,
        2,
        33,
        5,
        1,
        0
      ],
      [
        24,
        9,
        5,
        11,
        61,
        1,
        2
      ],
      [
        1,
        1,
        1,
        1,
        0,
        5,
        0
      ],
      [
        0,
        0,
        0,
        0,
        0,
        0,
        15
      ]
    ]
  },
  "test_after": {
    "balanced_accuracy": 0.7786547941215891,
    "macro_f1": 0.6729175831716417,
    "per_class_f1": {
      "mel": 0.5165,
      "nv": 0.7916,
      "bcc": 0.65,
      "akiec": 0.7045,
      "bkl": 0.6589,
      "df": 0.5556,
      "vasc": 0.8333
    },
    "confusion_matrix": [
      [
        94,
        4,
        4,
        3,
        7,
        0,
        0
      ],
      [
        147,
        433,
        19,
        4,
        45,
        2,
        5
      ],
      [
        1,
        0,
        39,
        0,
        2,
        1,
        1
      ],
      [
        0,
        0,
        3,
        31,
        6,
        1,
        0
      ],
      [
        10,
        2,
        9,
        7,
        85,
        0,
        0
      ],
      [
        0,
        0,
        2,
        2,
        0,
        5,
        0
      ],
      [
        0,
        0,
        0,
        0,
        0,
        0,
        15
      ]
    ]
  },
  "note": "Weights fit on val only; test_after is the single, non-cherry-picked test-set application of those frozen weights."
}