{
    "experiment": "resnet50_v12recipe",
    "checkpoint": "/kaggle/working/Trustworthy-AI-for-Dermatology-Imaging/ham10000/checkpoints/resnet50_v12recipe/best_model.pt",
    "split": "val",
    "epoch": 14,
    "balanced_accuracy": 0.7746210082065562,
    "macro_f1": 0.697709468803576,
    "macro_auc": 0.9600634615358326,
    "per_class_f1": {
        "mel": 0.5145,
        "nv": 0.8376,
        "bcc": 0.7692,
        "akiec": 0.6923,
        "bkl": 0.612,
        "df": 0.6842,
        "vasc": 0.7742
    }
}